Tanggal,Total Penjualan (IDR),Total Pesanan,Penjualan per Pesanan,Produk Dilihat,Total Pengunjung,Tingkat Konversi (Pesanan Siap Dikirim),Pesanan Dibatalkan,Penjualan Dibatalkan,Pesanan Dikembalikan,Penjualan Dikembalikan,Pembeli,Total Pembeli Baru,Total Pembeli Saat Ini,Total Potensi Pembeli,Tingkat Pembelian Berulang
1/4/2023,0,0,"0,00",15,8,"0,00%",0,0,0,0,0,0,0,1,"0,00%"
2/4/2023,0,0,"0,00",17,13,"0,00%",0,0,0,0,0,0,0,3,"0,00%"
3/4/2023,0,0,"0,00",38,16,"0,00%",0,0,0,0,0,0,0,3,"0,00%"
4/4/2023,0,0,"0,00",23,15,"0,00%",0,0,0,0,0,0,0,0,"0,00%"
5/4/2023,326.078,1,"326.078,00",14,9,"11,11%",0,0,0,0,1,1,0,0,"0,00%"
6/4/2023,0,0,"0,00",18,14,"0,00%",0,0,0,0,0,0,0,4,"0,00%"
7/4/2023,0,0,"0,00",13,8,"0,00%",0,0,0,0,0,0,0,0,"0,00%"
8/4/2023,0,0,"0,00",17,12,"0,00%",0,0,0,0,0,0,0,5,"0,00%"
9/4/2023,0,0,"0,00",10,9,"0,00%",0,0,0,0,0,0,0,0,"0,00%"
10/4/2023,0,0,"0,00",13,9,"0,00%",0,0,0,0,0,0,0,0,"0,00%"
11/4/2023,0,0,"0,00",35,14,"0,00%",0,0,0,0,0,0,0,4,"0,00%"
12/4/2023,0,0,"0,00",20,11,"0,00%",0,0,0,0,0,0,0,0,"0,00%"
13-04-2023,0,0,"0,00",24,8,"0,00%",0,0,0,0,0,0,0,0,"0,00%"
14-04-2023,0,0,"0,00",24,13,"0,00%",0,0,0,0,0,0,0,1,"0,00%"
15-04-2023,0,0,"0,00",39,11,"0,00%",0,0,0,0,0,0,0,1,"0,00%"
16-04-2023,0,0,"0,00",27,12,"0,00%",0,0,0,0,0,0,0,3,"0,00%"
17-04-2023,0,0,"0,00",24,12,"0,00%",0,0,0,0,0,0,0,1,"0,00%"
18-04-2023,0,0,"0,00",40,14,"0,00%",0,0,0,0,0,0,0,5,"0,00%"
19-04-2023,0,0,"0,00",22,12,"0,00%",0,0,0,0,0,0,0,1,"0,00%"
20-04-2023,0,0,"0,00",28,13,"0,00%",0,0,0,0,0,0,0,3,"0,00%"
21-04-2023,0,0,"0,00",14,8,"0,00%",0,0,0,0,0,0,0,0,"0,00%"
22-04-2023,0,0,"0,00",4,4,"0,00%",0,0,0,0,0,0,0,0,"0,00%"
23-04-2023,0,0,"0,00",20,13,"0,00%",0,0,0,0,0,0,0,1,"0,00%"
24-04-2023,0,0,"0,00",24,12,"0,00%",0,0,0,0,0,0,0,1,"0,00%"
25-04-2023,0,0,"0,00",24,15,"0,00%",0,0,0,0,0,0,0,1,"0,00%"
26-04-2023,0,0,"0,00",61,21,"0,00%",0,0,0,0,0,0,0,4,"0,00%"
27-04-2023,0,0,"0,00",41,15,"0,00%",0,0,0,0,0,0,0,3,"0,00%"
28-04-2023,0,0,"0,00",35,21,"0,00%",0,0,0,0,0,0,0,0,"0,00%"
29-04-2023,0,0,"0,00",29,16,"0,00%",0,0,0,0,0,0,0,3,"0,00%"
30-04-2023,82.7,1,"82.700,00",29,12,"8,33%",0,0,0,0,1,0,1,3,"0,00%"
1/5/2023,0,0,"0,00",20,14,"0,00%",0,0,0,0,0,0,0,3,"0,00%"
2/5/2023,0,0,"0,00",39,11,"0,00%",0,0,0,0,0,0,0,3,"0,00%"
3/5/2023,33.85,1,"33.850,00",49,17,"5,88%",0,0,0,0,1,1,0,3,"0,00%"
4/5/2023,264.4,3,"88.133,33",36,13,"23,08%",0,0,0,0,3,3,0,1,"0,00%"
5/5/2023,585.647,3,"195.215,67",91,33,"9,09%",0,0,0,0,3,3,0,5,"0,00%"
6/5/2023,251.061,2,"125.530,50",70,19,"10,53%",0,0,0,0,2,2,0,5,"0,00%"
7/5/2023,0,0,"0,00",43,16,"0,00%",0,0,0,0,0,0,0,1,"0,00%"
8/5/2023,0,0,"0,00",38,15,"0,00%",0,0,0,0,0,0,0,3,"0,00%"
9/5/2023,0,0,"0,00",64,22,"0,00%",0,0,0,0,0,0,0,6,"0,00%"
10/5/2023,0,0,"0,00",49,21,"0,00%",0,0,0,0,0,0,0,3,"0,00%"
11/5/2023,74.7,1,"74.700,00",76,22,"4,55%",0,0,0,0,1,1,0,5,"0,00%"
12/5/2023,154.89,2,"77.445,00",60,27,"7,41%",0,0,0,0,2,2,0,5,"0,00%"
13-05-2023,122.6,2,"61.300,00",76,21,"9,52%",0,0,0,0,2,2,0,2,"0,00%"
14-05-2023,116.916,2,"58.458,00",48,18,"11,11%",0,0,0,0,2,2,0,1,"0,00%"
15-05-2023,116.645,1,"116.645,00",34,27,"3,70%",0,0,0,0,1,1,0,5,"0,00%"
16-05-2023,52.8,1,"52.800,00",66,27,"3,70%",0,0,0,0,1,1,0,3,"0,00%"
17-05-2023,93.6,1,"93.600,00",128,30,"3,33%",0,0,0,0,1,1,0,7,"0,00%"
18-05-2023,75.272,2,"37.636,00",19,14,"14,29%",0,0,0,0,2,2,0,1,"0,00%"
19-05-2023,162.163,2,"81.081,50",56,24,"8,33%",0,0,0,0,2,1,1,4,"0,00%"
20-05-2023,512.975,7,"73.282,14",161,27,"18,52%",2,89.6,0,0,5,5,0,9,"20,00%"
21-05-2023,0,0,"0,00",22,12,"0,00%",0,0,0,0,0,0,0,1,"0,00%"
22-05-2023,111.595,1,"111.595,00",32,14,"7,14%",0,0,0,0,1,1,0,3,"0,00%"
23-05-2023,132.896,2,"66.448,00",70,25,"8,00%",0,0,0,0,2,2,0,3,"0,00%"
24-05-2023,0,0,"0,00",26,16,"0,00%",0,0,0,0,0,0,0,6,"0,00%"
25-05-2023,0,0,"0,00",63,22,"0,00%",0,0,0,0,0,0,0,6,"0,00%"
26-05-2023,219.1,4,"54.775,00",61,26,"15,38%",0,0,0,0,4,3,1,2,"0,00%"
27-05-2023,238.352,4,"59.588,00",90,19,"21,05%",0,0,0,0,4,2,2,7,"0,00%"
28-05-2023,351.5,3,"117.166,67",63,21,"14,29%",0,0,0,0,3,3,0,5,"0,00%"
29-05-2023,45.8,1,"45.800,00",54,19,"5,26%",0,0,0,0,1,1,0,6,"0,00%"
30-05-2023,120.8,1,"120.800,00",85,27,"3,70%",0,0,0,0,1,1,0,10,"0,00%"
31-05-2023,581.225,8,"72.653,12",108,35,"22,86%",1,60.8,0,0,8,6,2,8,"0,00%"
1/6/2023,457.362,5,"91.472,40",73,26,"19,23%",0,0,0,0,5,5,0,9,"0,00%"
2/6/2023,143.184,2,"71.592,00",82,35,"5,71%",0,0,0,0,2,2,0,4,"0,00%"
3/6/2023,52.9,1,"52.900,00",79,27,"3,70%",0,0,0,0,1,1,0,6,"0,00%"
4/6/2023,119.037,2,"59.518,50",93,46,"4,35%",0,0,0,0,2,2,0,4,"0,00%"
5/6/2023,44.572,1,"44.572,00",64,30,"3,33%",0,0,0,0,1,1,0,7,"0,00%"
6/6/2023,0,0,"0,00",48,28,"0,00%",0,0,0,0,0,0,0,1,"0,00%"
7/6/2023,44.8,1,"44.800,00",43,19,"5,26%",0,0,0,0,1,1,0,2,"0,00%"
8/6/2023,49.134,1,"49.134,00",25,10,"10,00%",0,0,0,0,1,1,0,3,"0,00%"
9/6/2023,417.27,3,"139.090,00",54,18,"16,67%",0,0,0,0,3,3,0,2,"0,00%"
10/6/2023,94.995,1,"94.995,00",59,22,"4,55%",0,0,0,0,1,1,0,7,"0,00%"
11/6/2023,47.8,1,"47.800,00",54,15,"6,67%",0,0,0,0,1,1,0,3,"0,00%"
12/6/2023,213.598,2,"106.799,00",91,21,"9,52%",0,0,0,0,2,2,0,5,"0,00%"
13-06-2023,82.929,2,"41.464,50",81,19,"10,53%",0,0,0,0,2,2,0,4,"0,00%"
14-06-2023,321.346,2,"160.673,00",77,27,"7,41%",0,0,0,0,2,1,1,5,"0,00%"
15-06-2023,123.6,1,"123.600,00",44,20,"5,00%",0,0,0,0,1,1,0,4,"0,00%"
16-06-2023,100.162,2,"50.081,00",54,23,"8,70%",0,0,0,0,2,2,0,4,"0,00%"
17-06-2023,0,0,"0,00",44,19,"0,00%",0,0,0,0,0,0,0,6,"0,00%"
18-06-2023,0,0,"0,00",62,17,"0,00%",0,0,0,0,0,0,0,4,"0,00%"
19-06-2023,67.357,1,"67.357,00",80,25,"4,00%",0,0,0,0,1,1,0,5,"0,00%"
20-06-2023,241.9,1,"241.900,00",54,16,"6,25%",0,0,0,0,1,1,0,2,"0,00%"
21-06-2023,18.275,1,"18.275,00",34,22,"4,55%",0,0,0,0,1,1,0,2,"0,00%"
22-06-2023,173.262,2,"86.631,00",68,24,"8,33%",0,0,0,0,2,2,0,9,"0,00%"
23-06-2023,44.414,1,"44.414,00",55,20,"5,00%",0,0,0,0,1,1,0,6,"0,00%"
24-06-2023,115.5,1,"115.500,00",64,17,"5,88%",0,0,0,0,1,1,0,4,"0,00%"
25-06-2023,122.01,1,"122.010,00",103,26,"3,85%",0,0,0,0,1,1,0,7,"0,00%"
26-06-2023,522.04,5,"104.408,00",114,29,"17,24%",0,0,0,0,5,5,0,6,"0,00%"
27-06-2023,531.77,7,"75.967,14",115,39,"17,95%",0,0,0,0,7,7,0,8,"0,00%"
28-06-2023,211.961,3,"70.653,67",95,33,"9,09%",0,0,0,0,3,3,0,5,"0,00%"
29-06-2023,433.98,4,"108.495,00",63,24,"16,67%",0,0,0,0,4,2,2,5,"0,00%"
30-06-2023,132.4,1,"132.400,00",84,36,"2,78%",0,0,0,0,1,1,0,9,"0,00%"
1/7/2023,186.3,3,"62.100,00",96,33,"9,09%",0,0,0,0,3,3,0,8,"0,00%"
2/7/2023,0,0,"0,00",60,25,"0,00%",0,0,0,0,0,0,0,3,"0,00%"
3/7/2023,68.138,2,"34.069,00",100,39,"5,13%",1,22.9,0,0,2,2,0,5,"0,00%"
4/7/2023,150.618,3,"50.206,00",148,38,"7,89%",0,0,0,0,3,3,0,3,"0,00%"
5/7/2023,0,0,"0,00",62,36,"0,00%",0,0,0,0,0,0,0,7,"0,00%"
6/7/2023,182.9,2,"91.450,00",97,34,"5,88%",0,0,0,0,2,2,0,3,"0,00%"
7/7/2023,43.874,1,"43.874,00",93,25,"4,00%",0,0,0,0,1,1,0,5,"0,00%"
8/7/2023,47.258,1,"47.258,00",55,21,"4,76%",0,0,0,0,1,1,0,5,"0,00%"
9/7/2023,33.85,1,"33.850,00",41,19,"5,26%",1,33.85,0,0,1,1,0,3,"0,00%"
10/7/2023,0,0,"0,00",50,18,"0,00%",0,0,0,0,0,0,0,4,"0,00%"
11/7/2023,0,0,"0,00",27,12,"0,00%",0,0,0,0,0,0,0,1,"0,00%"
12/7/2023,0,0,"0,00",37,20,"0,00%",0,0,0,0,0,0,0,3,"0,00%"
13-07-2023,0,0,"0,00",76,25,"0,00%",0,0,0,0,0,0,0,9,"0,00%"
14-07-2023,247.644,3,"82.548,00",100,28,"10,71%",0,0,0,0,3,2,1,7,"0,00%"
15-07-2023,0,0,"0,00",54,19,"0,00%",0,0,0,0,0,0,0,6,"0,00%"
16-07-2023,0,0,"0,00",24,15,"0,00%",0,0,0,0,0,0,0,4,"0,00%"
17-07-2023,44.8,1,"44.800,00",44,15,"6,67%",1,44.8,0,0,1,1,0,2,"0,00%"
18-07-2023,102.664,2,"51.332,00",63,21,"9,52%",0,0,0,0,2,2,0,6,"0,00%"
19-07-2023,0,0,"0,00",51,34,"0,00%",0,0,0,0,0,0,0,4,"0,00%"
20-07-2023,44.8,1,"44.800,00",41,24,"4,17%",0,0,0,0,1,1,0,3,"0,00%"
21-07-2023,0,0,"0,00",35,16,"0,00%",0,0,0,0,0,0,0,3,"0,00%"
22-07-2023,420.9,3,"140.300,00",67,19,"15,79%",0,0,0,0,3,3,0,4,"0,00%"
23-07-2023,0,0,"0,00",22,16,"0,00%",0,0,0,0,0,0,0,3,"0,00%"
24-07-2023,44.8,1,"44.800,00",55,27,"3,70%",0,0,0,0,1,1,0,4,"0,00%"
25-07-2023,43.96,1,"43.960,00",38,23,"4,35%",0,0,0,0,1,1,0,3,"0,00%"
26-07-2023,0,0,"0,00",43,21,"0,00%",0,0,0,0,0,0,0,1,"0,00%"
27-07-2023,0,0,"0,00",39,19,"0,00%",0,0,0,0,0,0,0,5,"0,00%"
28-07-2023,111.596,2,"55.798,00",25,12,"16,67%",0,0,0,0,2,1,1,1,"0,00%"
29-07-2023,0,0,"0,00",63,22,"0,00%",0,0,0,0,0,0,0,9,"0,00%"
30-07-2023,0,0,"0,00",34,21,"0,00%",0,0,0,0,0,0,0,1,"0,00%"
31-07-2023,0,0,"0,00",31,13,"0,00%",0,0,0,0,0,0,0,1,"0,00%"
1/8/2023,0,0,"0,00",25,7,"0,00%",0,0,0,0,0,0,0,1,"0,00%"
2/8/2023,0,0,"0,00",34,14,"0,00%",0,0,0,0,0,0,0,0,"0,00%"
3/8/2023,0,0,"0,00",24,11,"0,00%",0,0,0,0,0,0,0,1,"0,00%"
4/8/2023,137.4,3,"45.800,00",50,17,"17,65%",0,0,0,0,3,2,1,6,"0,00%"
5/8/2023,0,0,"0,00",15,5,"0,00%",0,0,0,0,0,0,0,0,"0,00%"
6/8/2023,0,0,"0,00",23,14,"0,00%",0,0,0,0,0,0,0,3,"0,00%"
7/8/2023,0,0,"0,00",15,9,"0,00%",0,0,0,0,0,0,0,1,"0,00%"
8/8/2023,0,0,"0,00",91,18,"0,00%",0,0,0,0,0,0,0,5,"0,00%"
9/8/2023,0,0,"0,00",49,14,"0,00%",0,0,0,0,0,0,0,5,"0,00%"
10/8/2023,90.476,2,"45.238,00",36,8,"12,50%",1,45.238,0,0,1,1,0,3,"100,00%"
11/8/2023,125.5,2,"62.750,00",67,20,"10,00%",0,0,0,0,2,1,1,4,"0,00%"
12/8/2023,172.3,2,"86.150,00",30,14,"14,29%",0,0,0,0,2,1,1,2,"0,00%"
13-08-2023,0,0,"0,00",23,12,"0,00%",0,0,0,0,0,0,0,0,"0,00%"
14-08-2023,74.7,1,"74.700,00",63,14,"7,14%",0,0,0,0,1,1,0,3,"0,00%"
15-08-2023,44.8,1,"44.800,00",12,9,"11,11%",0,0,0,0,1,0,1,2,"0,00%"
16-08-2023,0,0,"0,00",20,15,"0,00%",0,0,0,0,0,0,0,1,"0,00%"
17-08-2023,0,0,"0,00",24,6,"0,00%",0,0,0,0,0,0,0,1,"0,00%"
18-08-2023,0,0,"0,00",28,13,"0,00%",0,0,0,0,0,0,0,1,"0,00%"
19-08-2023,0,0,"0,00",37,10,"0,00%",0,0,0,0,0,0,0,3,"0,00%"
20-08-2023,0,0,"0,00",5,6,"0,00%",0,0,0,0,0,0,0,0,"0,00%"
21-08-2023,0,0,"0,00",19,13,"0,00%",0,0,0,0,0,0,0,0,"0,00%"
22-08-2023,431.8,2,"215.900,00",74,16,"12,50%",0,0,0,0,2,1,1,2,"0,00%"
23-08-2023,144.4,2,"72.200,00",54,17,"11,76%",0,0,0,0,2,2,0,5,"0,00%"
24-08-2023,45.8,1,"45.800,00",27,11,"9,09%",0,0,0,0,1,1,0,3,"0,00%"
25-08-2023,50.275,1,"50.275,00",48,14,"7,14%",0,0,0,0,1,1,0,3,"0,00%"
26-08-2023,0,0,"0,00",88,23,"0,00%",0,0,0,0,0,0,0,9,"0,00%"
27-08-2023,0,0,"0,00",24,11,"0,00%",0,0,0,0,0,0,0,3,"0,00%"
28-08-2023,45.8,1,"45.800,00",24,12,"8,33%",0,0,0,0,1,1,0,0,"0,00%"
29-08-2023,0,0,"0,00",38,16,"0,00%",0,0,0,0,0,0,0,1,"0,00%"
30-08-2023,107.243,2,"53.621,50",42,18,"11,11%",0,0,0,0,2,2,0,1,"0,00%"
31-08-2023,209.94,2,"104.970,00",32,18,"11,11%",0,0,0,0,2,1,1,3,"0,00%"
1/9/2023,201.15,3,"67.050,00",71,22,"13,64%",0,0,0,0,3,1,2,4,"0,00%"
2/9/2023,209.806,3,"69.935,33",91,26,"7,69%",2,142.459,0,0,2,2,0,5,"50,00%"
3/9/2023,101.6,2,"50.800,00",26,16,"12,50%",0,0,0,0,2,0,2,1,"0,00%"
4/9/2023,88.6,1,"88.600,00",55,21,"4,76%",0,0,0,0,1,1,0,5,"0,00%"
5/9/2023,193.101,2,"96.550,50",62,21,"9,52%",0,0,0,0,2,2,0,6,"0,00%"
6/9/2023,44.42,1,"44.420,00",25,15,"6,67%",0,0,0,0,1,1,0,2,"0,00%"
7/9/2023,194.8,3,"64.933,33",155,31,"9,68%",0,0,0,0,3,3,0,7,"0,00%"
8/9/2023,252.576,3,"84.192,00",92,28,"7,14%",1,59.8,0,0,2,2,0,6,"50,00%"
9/9/2023,353.857,4,"88.464,25",153,32,"12,50%",0,0,0,22.233,4,4,0,6,"0,00%"
10/9/2023,54.9,1,"54.900,00",44,23,"4,35%",0,0,0,0,1,1,0,4,"0,00%"
11/9/2023,115.125,1,"115.125,00",78,28,"3,57%",0,0,0,0,1,1,0,3,"0,00%"
12/9/2023,67.357,1,"67.357,00",53,24,"4,17%",0,0,0,0,1,1,0,5,"0,00%"
13-09-2023,44.8,1,"44.800,00",30,18,"5,56%",0,0,0,0,1,1,0,3,"0,00%"
14-09-2023,110.734,2,"55.367,00",65,31,"6,45%",0,0,0,0,2,2,0,10,"0,00%"
15-09-2023,46.8,1,"46.800,00",38,19,"5,26%",0,0,0,0,1,0,1,2,"0,00%"
16-09-2023,56.348,1,"56.348,00",47,19,"5,26%",0,0,0,0,1,1,0,2,"0,00%"
17-09-2023,0,0,"0,00",20,14,"0,00%",0,0,0,0,0,0,0,1,"0,00%"
18-09-2023,132.7,1,"132.700,00",79,22,"4,55%",0,0,0,0,1,1,0,7,"0,00%"
19-09-2023,49.229,1,"49.229,00",40,22,"4,55%",0,0,0,0,1,1,0,2,"0,00%"
20-09-2023,81.206,1,"81.206,00",48,11,"9,09%",0,0,0,0,1,1,0,2,"0,00%"
21-09-2023,146.53,1,"146.530,00",65,23,"4,35%",0,0,0,0,1,1,0,3,"0,00%"
22-09-2023,44.8,1,"44.800,00",99,32,"3,12%",0,0,0,0,1,1,0,5,"0,00%"
23-09-2023,187.299,2,"93.649,50",79,26,"7,69%",0,0,0,0,2,2,0,1,"0,00%"
24-09-2023,39.501,1,"39.501,00",35,18,"5,56%",0,0,0,0,1,1,0,2,"0,00%"
25-09-2023,0,0,"0,00",74,26,"0,00%",0,0,0,0,0,0,0,5,"0,00%"
26-09-2023,95.166,2,"47.583,00",38,20,"10,00%",0,0,0,0,2,2,0,1,"0,00%"
27-09-2023,66.75,2,"33.375,00",69,22,"9,09%",0,0,0,0,2,2,0,3,"0,00%"
28-09-2023,88.6,1,"88.600,00",89,27,"3,70%",0,0,0,0,1,1,0,8,"0,00%"
29-09-2023,131.5,3,"43.833,33",137,37,"8,11%",0,0,0,0,3,3,0,13,"0,00%"
30-09-2023,233.1,3,"77.700,00",119,28,"10,71%",0,0,0,0,3,2,1,6,"0,00%"
1/10/2023,137.999,2,"68.999,50",64,26,"7,69%",0,0,0,0,2,2,0,3,"0,00%"
2/10/2023,46.8,1,"46.800,00",132,67,"1,49%",0,0,0,0,1,1,0,6,"0,00%"
3/10/2023,310.4,2,"155.200,00",68,22,"9,09%",0,0,0,0,2,2,0,7,"0,00%"
4/10/2023,599.388,4,"149.847,00",46,22,"18,18%",0,0,0,0,4,3,1,4,"0,00%"
5/10/2023,97.6,2,"48.800,00",65,28,"7,14%",0,0,0,0,2,1,1,2,"0,00%"
6/10/2023,0,0,"0,00",44,25,"0,00%",0,0,0,0,0,0,0,5,"0,00%"
7/10/2023,0,0,"0,00",70,20,"0,00%",0,0,0,0,0,0,0,4,"0,00%"
8/10/2023,0,0,"0,00",43,22,"0,00%",0,0,0,0,0,0,0,3,"0,00%"
9/10/2023,44.8,1,"44.800,00",48,22,"4,55%",0,0,0,0,1,0,1,5,"0,00%"
10/10/2023,0,0,"0,00",25,18,"0,00%",0,0,0,0,0,0,0,3,"0,00%"
11/10/2023,31.9,1,"31.900,00",65,20,"5,00%",0,0,0,0,1,1,0,5,"0,00%"
12/10/2023,207.412,2,"103.706,00",100,25,"8,00%",1,22.9,0,0,2,2,0,7,"0,00%"
13-10-2023,184.102,4,"46.025,50",100,30,"13,33%",1,46.552,0,0,4,3,1,6,"0,00%"
14-10-2023,224.21,1,"224.210,00",50,20,"5,00%",0,0,0,0,1,1,0,2,"0,00%"
15-10-2023,0,0,"0,00",103,26,"0,00%",0,0,0,0,0,0,0,5,"0,00%"
16-10-2023,177.2,2,"88.600,00",79,37,"2,70%",1,88.6,0,0,1,1,0,5,"100,00%"
17-10-2023,0,0,"0,00",80,37,"0,00%",0,0,0,0,0,0,0,4,"0,00%"
18-10-2023,33.85,1,"33.850,00",99,32,"3,12%",0,0,0,0,1,1,0,5,"0,00%"
19-10-2023,0,0,"0,00",45,31,"0,00%",0,0,0,0,0,0,0,3,"0,00%"
20-10-2023,71.218,1,"71.218,00",79,31,"3,23%",0,0,0,0,1,1,0,6,"0,00%"
21-10-2023,0,0,"0,00",35,21,"0,00%",0,0,0,0,0,0,0,5,"0,00%"
22-10-2023,175.3,2,"87.650,00",103,34,"5,88%",0,0,0,0,2,2,0,2,"0,00%"
23-10-2023,0,0,"0,00",59,37,"0,00%",0,0,0,0,0,0,0,6,"0,00%"
24-10-2023,67.8,1,"67.800,00",44,28,"3,57%",0,0,0,0,1,1,0,3,"0,00%"
25-10-2023,348.246,5,"69.649,20",153,40,"12,50%",0,0,0,0,5,5,0,3,"0,00%"
26-10-2023,110.5,1,"110.500,00",84,33,"3,03%",0,0,0,0,1,1,0,5,"0,00%"
27-10-2023,46.8,1,"46.800,00",48,28,"3,57%",0,0,0,0,1,1,0,6,"0,00%"
28-10-2023,253.738,2,"126.869,00",72,26,"7,69%",0,0,0,0,2,2,0,2,"0,00%"
29-10-2023,0,0,"0,00",48,23,"0,00%",0,0,0,0,0,0,0,6,"0,00%"
30-10-2023,44.008,1,"44.008,00",85,36,"2,78%",0,0,0,0,1,1,0,9,"0,00%"
31-10-2023,37.85,1,"37.850,00",52,27,"3,70%",0,0,0,0,1,1,0,5,"0,00%"
1/11/2023,202.7,2,"101.350,00",33,20,"10,00%",0,0,0,0,2,2,0,3,"0,00%"
2/11/2023,303.5,3,"101.166,67",64,28,"10,71%",0,0,0,0,3,3,0,7,"0,00%"
3/11/2023,724.183,5,"144.836,60",107,32,"12,50%",1,237.741,0,0,4,3,1,8,"25,00%"
4/11/2023,0,0,"0,00",95,30,"0,00%",0,0,0,0,0,0,0,10,"0,00%"
5/11/2023,215.37,2,"107.685,00",78,41,"4,88%",0,0,0,0,2,2,0,5,"0,00%"
6/11/2023,161.36,2,"80.680,00",80,34,"5,88%",0,0,0,0,2,2,0,2,"0,00%"
7/11/2023,26.981,1,"26.981,00",68,29,"3,45%",0,0,0,0,1,1,0,3,"0,00%"
8/11/2023,0,0,"0,00",86,37,"0,00%",0,0,0,0,0,0,0,11,"0,00%"
9/11/2023,181.3,2,"90.650,00",91,32,"6,25%",0,0,0,0,2,2,0,4,"0,00%"
10/11/2023,357.885,5,"71.577,00",154,49,"10,20%",0,0,1,110.8,5,5,0,6,"0,00%"
11/11/2023,113.676,2,"56.838,00",77,31,"6,45%",1,69.7,0,0,2,2,0,5,"0,00%"
12/11/2023,0,0,"0,00",54,33,"0,00%",0,0,0,0,0,0,0,6,"0,00%"
13-11-2023,153.2,1,"153.200,00",153,38,"2,63%",0,0,0,0,1,1,0,4,"0,00%"
14-11-2023,478.708,5,"95.741,60",113,36,"13,89%",0,0,0,0,5,5,0,4,"0,00%"
15-11-2023,216.1,4,"54.025,00",110,36,"11,11%",1,63.7,0,0,4,3,1,5,"0,00%"
16-11-2023,209.745,4,"52.436,25",51,22,"18,18%",0,0,0,0,4,3,1,4,"0,00%"
17-11-2023,0,0,"0,00",72,35,"0,00%",0,0,0,0,0,0,0,8,"0,00%"
18-11-2023,57.275,1,"57.275,00",62,30,"3,33%",0,0,0,0,1,1,0,3,"0,00%"
19-11-2023,513.756,2,"256.878,00",95,34,"5,88%",0,0,0,0,2,2,0,3,"0,00%"
20-11-2023,274.031,1,"274.031,00",85,36,"2,78%",0,0,0,0,1,0,1,4,"0,00%"
21-11-2023,174.3,3,"58.100,00",117,40,"7,50%",1,62.8,0,0,3,3,0,7,"0,00%"
22-11-2023,32.604,1,"32.604,00",103,57,"1,75%",0,0,0,0,1,1,0,5,"0,00%"
23-11-2023,33.85,1,"33.850,00",113,45,"2,22%",0,0,0,0,1,1,0,7,"0,00%"
24-11-2023,220.203,2,"110.101,50",133,60,"3,33%",0,0,0,0,2,1,1,7,"0,00%"
25-11-2023,0,0,"0,00",75,40,"0,00%",0,0,0,0,0,0,0,6,"0,00%"
26-11-2023,173.3,1,"173.300,00",116,54,"1,85%",0,0,0,0,1,1,0,8,"0,00%"
27-11-2023,91.352,2,"45.676,00",129,44,"2,27%",1,46.552,0,0,1,1,0,7,"100,00%"
28-11-2023,52.8,1,"52.800,00",97,43,"2,33%",0,0,0,0,1,1,0,9,"0,00%"
29-11-2023,0,0,"0,00",136,54,"0,00%",0,0,0,0,0,0,0,13,"0,00%"
30-11-2023,274.912,3,"91.637,33",137,42,"7,14%",0,0,0,0,3,3,0,5,"0,00%"
1/12/2023,0,0,"0,00",80,31,"0,00%",0,0,0,0,0,0,0,8,"0,00%"
2/12/2023,308.504,2,"154.252,00",88,34,"5,88%",0,0,0,0,2,2,0,4,"0,00%"
3/12/2023,337.613,3,"112.537,67",105,46,"6,52%",2,235.363,0,0,3,3,0,4,"0,00%"
4/12/2023,439.957,5,"87.991,40",81,41,"12,20%",1,55.368,0,0,5,4,1,3,"0,00%"
5/12/2023,132.95,1,"132.950,00",113,34,"2,94%",0,0,0,0,1,1,0,4,"0,00%"
6/12/2023,0,0,"0,00",61,36,"0,00%",0,0,0,0,0,0,0,1,"0,00%"
7/12/2023,0,0,"0,00",79,40,"0,00%",0,0,0,0,0,0,0,7,"0,00%"
8/12/2023,0,0,"0,00",52,29,"0,00%",0,0,0,0,0,0,0,0,"0,00%"
9/12/2023,0,0,"0,00",131,26,"0,00%",0,0,0,0,0,0,0,4,"0,00%"
10/12/2023,0,0,"0,00",63,26,"0,00%",0,0,0,0,0,0,0,3,"0,00%"
11/12/2023,153.51,1,"153.510,00",62,28,"3,57%",1,153.51,0,0,1,1,0,2,"0,00%"
12/12/2023,270.95,1,"270.950,00",78,31,"3,23%",0,0,0,0,1,1,0,3,"0,00%"
13-12-2023,135.692,1,"135.692,00",74,22,"4,55%",1,135.692,0,0,1,1,0,4,"0,00%"
14-12-2023,118.5,1,"118.500,00",225,83,"1,20%",0,0,0,0,1,1,0,9,"0,00%"
15-12-2023,0,0,"0,00",30,16,"0,00%",0,0,0,0,0,0,0,0,"0,00%"
16-12-2023,0,0,"0,00",56,19,"0,00%",0,0,0,0,0,0,0,3,"0,00%"
17-12-2023,0,0,"0,00",41,18,"0,00%",0,0,0,0,0,0,0,5,"0,00%"
18-12-2023,0,0,"0,00",55,18,"0,00%",0,0,0,0,0,0,0,4,"0,00%"
19-12-2023,0,0,"0,00",88,23,"0,00%",0,0,0,0,0,0,0,1,"0,00%"
20-12-2023,0,0,"0,00",59,23,"0,00%",0,0,0,0,0,0,0,5,"0,00%"
21-12-2023,93.173,1,"93.173,00",87,18,"5,56%",0,0,0,0,1,0,1,4,"0,00%"
22-12-2023,0,0,"0,00",43,19,"0,00%",0,0,0,0,0,0,0,0,"0,00%"
23-12-2023,0,0,"0,00",53,23,"0,00%",0,0,0,0,0,0,0,4,"0,00%"
24-12-2023,0,0,"0,00",40,20,"0,00%",0,0,0,0,0,0,0,3,"0,00%"
25-12-2023,109.953,1,"109.953,00",55,18,"5,56%",0,0,0,0,1,1,0,4,"0,00%"
26-12-2023,0,0,"0,00",50,20,"0,00%",0,0,0,0,0,0,0,3,"0,00%"
27-12-2023,110.5,1,"110.500,00",59,24,"4,17%",0,0,0,0,1,0,1,6,"0,00%"
28-12-2023,0,0,"0,00",63,22,"0,00%",0,0,0,0,0,0,0,5,"0,00%"
29-12-2023,0,0,"0,00",63,24,"0,00%",0,0,0,0,0,0,0,7,"0,00%"
30-12-2023,70.7,1,"70.700,00",89,25,"4,00%",0,0,0,0,1,0,1,8,"0,00%"
31-12-2023,0,0,"0,00",88,14,"0,00%",0,0,0,0,0,0,0,6,"0,00%"
1/1/2024,49.42,1,"49.420,00",41,18,"5,56%",0,0,0,0,1,1,0,5,"0,00%"
2/1/2024,41.85,1,"41.850,00",46,22,"4,55%",0,0,0,0,1,1,0,4,"0,00%"
3/1/2024,0,0,"0,00",45,17,"0,00%",0,0,0,0,0,0,0,4,"0,00%"
4/1/2024,0,0,"0,00",100,39,"0,00%",0,0,0,0,0,0,0,8,"0,00%"
5/1/2024,230.266,3,"76.755,33",122,25,"12,00%",0,0,0,0,3,3,0,4,"0,00%"
6/1/2024,118.281,2,"59.140,50",84,26,"7,69%",0,0,0,0,2,0,2,4,"0,00%"
7/1/2024,0,0,"0,00",89,31,"0,00%",0,0,0,0,0,0,0,5,"0,00%"
8/1/2024,277.163,2,"138.581,50",42,21,"9,52%",0,0,0,0,2,1,1,1,"0,00%"
9/1/2024,88.6,1,"88.600,00",100,37,"2,70%",0,0,0,0,1,1,0,5,"0,00%"
10/1/2024,154,1,"154.000,00",72,27,"3,70%",0,0,0,0,1,1,0,3,"0,00%"
11/1/2024,0,0,"0,00",33,21,"0,00%",0,0,0,0,0,0,0,1,"0,00%"
12/1/2024,238.593,3,"79.531,00",91,24,"12,50%",0,0,0,0,3,3,0,3,"0,00%"
13-01-2024,0,0,"0,00",29,19,"0,00%",0,0,0,0,0,0,0,3,"0,00%"
14-01-2024,46.552,1,"46.552,00",18,16,"6,25%",1,46.552,0,0,1,1,0,0,"0,00%"
15-01-2024,57.459,1,"57.459,00",36,20,"5,00%",0,0,0,0,1,1,0,2,"0,00%"
16-01-2024,66.7,1,"66.700,00",21,13,"7,69%",0,0,0,0,1,0,1,4,"0,00%"
17-01-2024,180.2,2,"90.100,00",57,24,"8,33%",0,0,0,0,2,1,1,7,"0,00%"
18-01-2024,0,0,"0,00",31,15,"0,00%",0,0,0,0,0,0,0,3,"0,00%"
19-01-2024,318.265,3,"106.088,33",55,24,"12,50%",0,0,0,0,3,3,0,3,"0,00%"
20-01-2024,275.9,2,"137.950,00",26,13,"15,38%",0,0,0,0,2,2,0,1,"0,00%"
21-01-2024,285.181,3,"95.060,33",81,16,"18,75%",0,0,0,0,3,2,1,3,"0,00%"
22-01-2024,267.935,3,"89.311,67",53,26,"11,54%",0,0,0,0,3,3,0,3,"0,00%"
23-01-2024,0,0,"0,00",20,16,"0,00%",0,0,0,0,0,0,0,0,"0,00%"
24-01-2024,174.756,2,"87.378,00",83,26,"7,69%",0,0,0,0,2,2,0,8,"0,00%"
25-01-2024,217,1,"217.000,00",91,30,"3,33%",0,0,0,0,1,1,0,2,"0,00%"
26-01-2024,197.296,3,"65.765,33",57,27,"11,11%",0,0,0,0,3,1,2,5,"0,00%"
27-01-2024,201.5,1,"201.500,00",57,26,"3,85%",0,0,0,0,1,1,0,2,"0,00%"
28-01-2024,136,1,"136.000,00",39,18,"5,56%",0,0,0,0,1,1,0,4,"0,00%"
29-01-2024,179.033,2,"89.516,50",55,25,"8,00%",0,0,0,0,2,1,1,4,"0,00%"
30-01-2024,0,0,"0,00",33,19,"0,00%",0,0,0,0,0,0,0,0,"0,00%"
31-01-2024,0,0,"0,00",35,24,"0,00%",0,0,0,0,0,0,0,5,"0,00%"
1/2/2024,733.89,6,"122.315,00",99,27,"22,22%",0,0,0,0,6,5,1,0,"0,00%"
2/2/2024,104.6,1,"104.600,00",77,29,"3,45%",0,0,0,0,1,1,0,3,"0,00%"
3/2/2024,701.101,5,"140.220,20",98,33,"15,15%",0,0,0,0,5,3,2,3,"0,00%"
4/2/2024,131.919,2,"65.959,50",70,28,"7,14%",0,0,0,0,2,1,1,6,"0,00%"
5/2/2024,0,0,"0,00",63,34,"0,00%",0,0,0,0,0,0,0,1,"0,00%"
6/2/2024,138.336,2,"69.168,00",98,29,"6,90%",0,0,0,0,2,2,0,4,"0,00%"
7/2/2024,392.97,5,"78.594,00",98,39,"12,82%",0,0,0,0,5,3,2,8,"0,00%"
8/2/2024,133.25,1,"133.250,00",86,39,"2,56%",0,0,0,0,1,1,0,9,"0,00%"
9/2/2024,0,0,"0,00",107,27,"0,00%",0,0,0,0,0,0,0,8,"0,00%"
10/2/2024,280.655,2,"140.327,50",81,26,"7,69%",1,230,0,0,2,2,0,6,"0,00%"
11/2/2024,0,0,"0,00",49,21,"0,00%",0,0,0,0,0,0,0,6,"0,00%"
12/2/2024,68.8,1,"68.800,00",63,18,"5,56%",0,0,0,0,1,1,0,2,"0,00%"
13-02-2024,188.2,2,"94.100,00",86,28,"7,14%",0,0,0,0,2,2,0,7,"0,00%"
14-02-2024,33.85,1,"33.850,00",46,20,"5,00%",0,0,0,0,1,1,0,5,"0,00%"
15-02-2024,106.008,1,"106.008,00",57,21,"4,76%",0,0,0,0,1,1,0,1,"0,00%"
16-02-2024,305.143,4,"76.285,75",135,52,"7,69%",0,0,0,0,4,3,1,9,"0,00%"
17-02-2024,306.7,5,"61.340,00",118,47,"10,64%",1,40.9,0,0,5,4,1,6,"0,00%"
18-02-2024,133.714,1,"133.714,00",72,35,"2,86%",0,0,0,0,1,1,0,5,"0,00%"
19-02-2024,163.55,1,"163.550,00",66,28,"3,57%",0,0,0,0,1,1,0,5,"0,00%"
20-02-2024,0,0,"0,00",54,28,"0,00%",0,0,0,0,0,0,0,4,"0,00%"
21-02-2024,0,0,"0,00",75,41,"0,00%",0,0,0,0,0,0,0,3,"0,00%"
22-02-2024,108.006,2,"54.003,00",88,32,"6,25%",0,0,0,0,2,1,1,6,"0,00%"
23-02-2024,281.003,2,"140.501,50",97,30,"6,67%",0,0,0,0,2,2,0,7,"0,00%"
24-02-2024,72.7,1,"72.700,00",89,35,"2,86%",0,0,0,0,1,1,0,4,"0,00%"
25-02-2024,45.8,1,"45.800,00",95,25,"4,00%",0,0,0,0,1,0,1,4,"0,00%"
26-02-2024,73.3,1,"73.300,00",60,36,"2,78%",0,0,0,0,1,1,0,6,"0,00%"
27-02-2024,100.176,2,"50.088,00",72,26,"7,69%",0,0,0,0,2,2,0,3,"0,00%"
28-02-2024,0,0,"0,00",59,26,"0,00%",0,0,0,0,0,0,0,1,"0,00%"
29-02-2024,231.05,3,"77.016,67",68,26,"11,54%",0,0,0,0,3,3,0,2,"0,00%"
1/3/2024,95.637,1,"95.637,00",77,35,"2,86%",0,0,0,0,1,1,0,3,"0,00%"
2/3/2024,41.9,1,"41.900,00",66,26,"3,85%",1,41.9,0,0,1,1,0,4,"0,00%"
3/3/2024,0,0,"0,00",63,23,"0,00%",0,0,0,0,0,0,0,3,"0,00%"
4/3/2024,0,0,"0,00",67,24,"0,00%",0,0,0,0,0,0,0,3,"0,00%"
5/3/2024,0,0,"0,00",37,15,"0,00%",0,0,0,0,0,0,0,4,"0,00%"
6/3/2024,88.809,2,"44.404,50",44,21,"9,52%",0,0,0,0,2,1,1,3,"0,00%"
7/3/2024,424.228,5,"84.845,60",56,25,"20,00%",1,66.7,0,0,5,4,1,3,"0,00%"
8/3/2024,285.349,5,"57.069,80",82,32,"12,50%",1,45.238,0,0,4,4,0,4,"25,00%"
9/3/2024,60.8,1,"60.800,00",57,20,"5,00%",0,0,0,0,1,1,0,4,"0,00%"
10/3/2024,0,0,"0,00",23,17,"0,00%",0,0,0,0,0,0,0,4,"0,00%"
11/3/2024,0,0,"0,00",66,21,"0,00%",0,0,0,0,0,0,0,5,"0,00%"
12/3/2024,0,0,"0,00",30,13,"0,00%",0,0,0,0,0,0,0,3,"0,00%"
13-03-2024,0,0,"0,00",56,22,"0,00%",0,0,0,0,0,0,0,5,"0,00%"
14-03-2024,91.737,2,"45.868,50",59,21,"9,52%",0,0,0,0,2,2,0,0,"0,00%"
15-03-2024,53.8,1,"53.800,00",55,24,"4,17%",0,0,0,0,1,1,0,3,"0,00%"
16-03-2024,95.7,2,"47.850,00",69,15,"13,33%",0,0,0,0,2,2,0,2,"0,00%"
17-03-2024,378.011,1,"378.011,00",77,20,"5,00%",0,0,0,0,1,1,0,2,"0,00%"
18-03-2024,0,0,"0,00",35,20,"0,00%",0,0,0,0,0,0,0,3,"0,00%"
19-03-2024,71.7,1,"71.700,00",20,7,"14,29%",0,0,0,0,1,1,0,1,"0,00%"
20-03-2024,0,0,"0,00",29,14,"0,00%",0,0,0,0,0,0,0,1,"0,00%"
21-03-2024,0,0,"0,00",25,12,"0,00%",0,0,0,0,0,0,0,2,"0,00%"
22-03-2024,327.957,3,"109.319,00",59,17,"11,76%",1,106.9,0,0,2,2,0,1,"50,00%"
23-03-2024,205.535,2,"102.767,50",58,23,"8,70%",0,0,0,0,2,2,0,3,"0,00%"
24-03-2024,23.9,1,"23.900,00",55,19,"5,26%",0,0,0,0,1,1,0,2,"0,00%"
25-03-2024,388.84,1,"388.840,00",49,15,"6,67%",0,0,0,0,1,1,0,2,"0,00%"
26-03-2024,0,0,"0,00",44,14,"0,00%",0,0,0,0,0,0,0,2,"0,00%"
27-03-2024,0,0,"0,00",45,16,"0,00%",0,0,0,0,0,0,0,1,"0,00%"
28-03-2024,127.25,1,"127.250,00",112,32,"3,12%",0,0,0,0,1,1,0,6,"0,00%"
29-03-2024,88.6,1,"88.600,00",114,20,"5,00%",0,0,0,0,1,0,1,2,"0,00%"
30-03-2024,0,0,"0,00",53,21,"0,00%",0,0,0,0,0,0,0,6,"0,00%"
31-03-2024,84.2,1,"84.200,00",57,20,"5,00%",0,0,0,0,1,0,1,5,"0,00%"
1/4/2024,186.39,2,"93.195,00",48,18,"11,11%",0,0,0,0,2,1,1,0,"0,00%"
2/4/2024,129.23,2,"64.615,00",85,30,"6,67%",0,0,0,0,2,1,1,7,"0,00%"
3/4/2024,0,0,"0,00",52,19,"0,00%",0,0,0,0,0,0,0,6,"0,00%"
4/4/2024,0,0,"0,00",44,18,"0,00%",0,0,0,0,0,0,0,4,"0,00%"
5/4/2024,410.852,4,"102.713,00",77,19,"21,05%",0,0,0,0,4,3,1,2,"0,00%"
6/4/2024,0,0,"0,00",35,17,"0,00%",0,0,0,0,0,0,0,3,"0,00%"
7/4/2024,176.1,2,"88.050,00",86,26,"3,85%",1,114.8,0,0,1,1,0,4,"100,00%"
8/4/2024,107.839,2,"53.919,50",56,15,"13,33%",0,0,0,0,2,1,1,2,"0,00%"
9/4/2024,401.6,2,"200.800,00",92,23,"8,70%",0,0,0,0,2,2,0,6,"0,00%"
10/4/2024,46.552,1,"46.552,00",58,15,"6,67%",1,46.552,0,0,1,1,0,1,"0,00%"
11/4/2024,626.095,2,"313.047,50",31,15,"13,33%",0,0,0,0,2,2,0,2,"0,00%"
12/4/2024,0,0,"0,00",1,1,"0,00%",0,0,0,0,0,0,0,0,"0,00%"
13-04-2024,0,0,"0,00",4,2,"0,00%",0,0,0,0,0,0,0,0,"0,00%"
14-04-2024,0,0,"0,00",1,1,"0,00%",0,0,0,0,0,0,0,0,"0,00%"
15-04-2024,0,0,"0,00",2,2,"0,00%",0,0,0,0,0,0,0,0,"0,00%"
16-04-2024,0,0,"0,00",1,1,"0,00%",0,0,0,0,0,0,0,0,"0,00%"
17-04-2024,0,0,"0,00",2,1,"0,00%",0,0,0,0,0,0,0,0,"0,00%"
18-04-2024,0,0,"0,00",64,29,"0,00%",0,0,0,0,0,0,0,6,"0,00%"
19-04-2024,215.7,2,"107.850,00",106,23,"8,70%",0,0,0,0,2,2,0,3,"0,00%"
20-04-2024,0,0,"0,00",68,15,"0,00%",0,0,0,0,0,0,0,3,"0,00%"
21-04-2024,88.6,1,"88.600,00",53,17,"5,88%",0,0,0,0,1,1,0,3,"0,00%"
22-04-2024,0,0,"0,00",17,10,"0,00%",0,0,0,0,0,0,0,3,"0,00%"
23-04-2024,143,1,"143.000,00",51,22,"4,55%",0,0,0,0,1,1,0,3,"0,00%"
24-04-2024,54.4,1,"54.400,00",53,22,"4,55%",0,0,0,0,1,1,0,1,"0,00%"
25-04-2024,0,0,"0,00",116,33,"0,00%",0,0,0,0,0,0,0,5,"0,00%"
26-04-2024,399.9,3,"133.300,00",95,31,"9,68%",0,0,0,0,3,3,0,5,"0,00%"
27-04-2024,177.849,3,"59.283,00",104,31,"9,68%",0,0,0,0,3,3,0,5,"0,00%"
28-04-2024,173.71,1,"173.710,00",62,21,"4,76%",0,0,0,0,1,1,0,4,"0,00%"
29-04-2024,134.4,1,"134.400,00",123,30,"3,33%",0,0,0,0,1,1,0,7,"0,00%"
30-04-2024,500.816,3,"166.938,67",118,22,"13,64%",0,0,0,0,3,3,0,5,"0,00%"
1/5/2024,0,0,"0,00",121,21,"0,00%",0,0,0,0,0,0,0,7,"0,00%"
2/5/2024,110.999,2,"55.499,50",68,29,"6,90%",1,41.299,0,0,2,2,0,6,"0,00%"
3/5/2024,440.35,3,"146.783,33",109,35,"8,57%",0,0,0,0,3,3,0,5,"0,00%"
4/5/2024,235.118,4,"58.779,50",70,25,"12,00%",1,35.264,0,0,3,3,0,4,"33,33%"
5/5/2024,111.09,1,"111.090,00",159,36,"2,78%",0,0,0,0,1,1,0,5,"0,00%"
6/5/2024,23.776,1,"23.776,00",65,23,"4,35%",0,0,0,0,1,1,0,2,"0,00%"
7/5/2024,0,0,"0,00",83,28,"0,00%",0,0,0,0,0,0,0,6,"0,00%"
8/5/2024,151.45,3,"50.483,33",107,42,"7,14%",0,0,0,0,3,3,0,5,"0,00%"
9/5/2024,408.915,2,"204.457,50",116,33,"6,06%",0,0,0,0,2,2,0,6,"0,00%"
10/5/2024,326.231,3,"108.743,67",98,27,"11,11%",0,0,0,0,3,2,1,6,"0,00%"
11/5/2024,0,0,"0,00",88,29,"0,00%",0,0,0,0,0,0,0,5,"0,00%"
12/5/2024,0,0,"0,00",57,18,"0,00%",0,0,0,0,0,0,0,4,"0,00%"
13-05-2024,0,0,"0,00",53,19,"0,00%",0,0,0,0,0,0,0,3,"0,00%"
14-05-2024,57.8,1,"57.800,00",63,27,"3,70%",0,0,0,0,1,1,0,3,"0,00%"
15-05-2024,0,0,"0,00",81,25,"0,00%",0,0,0,0,0,0,0,4,"0,00%"
16-05-2024,217.614,3,"72.538,00",85,27,"11,11%",0,0,0,0,3,2,1,3,"0,00%"
17-05-2024,75.366,1,"75.366,00",59,23,"4,35%",0,0,0,0,1,1,0,6,"0,00%"
18-05-2024,0,0,"0,00",44,17,"0,00%",0,0,0,0,0,0,0,2,"0,00%"
19-05-2024,0,0,"0,00",69,17,"0,00%",0,0,0,0,0,0,0,4,"0,00%"
20-05-2024,0,0,"0,00",42,15,"0,00%",0,0,0,0,0,0,0,7,"0,00%"
21-05-2024,77.6,1,"77.600,00",66,26,"3,85%",0,0,0,0,1,1,0,1,"0,00%"
22-05-2024,129.25,1,"129.250,00",93,21,"4,76%",0,0,0,0,1,1,0,4,"0,00%"
23-05-2024,563.275,3,"187.758,33",197,22,"9,09%",1,243.097,0,0,2,2,0,5,"50,00%"
24-05-2024,518.28,2,"259.140,00",73,23,"8,70%",0,0,0,0,2,2,0,2,"0,00%"
25-05-2024,0,0,"0,00",55,16,"0,00%",0,0,0,0,0,0,0,4,"0,00%"
26-05-2024,98.15,1,"98.150,00",74,18,"5,56%",0,0,0,0,1,1,0,3,"0,00%"
27-05-2024,0,0,"0,00",22,11,"0,00%",0,0,0,0,0,0,0,1,"0,00%"
28-05-2024,106.025,1,"106.025,00",41,18,"5,56%",0,0,0,0,1,1,0,1,"0,00%"
29-05-2024,0,0,"0,00",34,18,"0,00%",0,0,0,0,0,0,0,4,"0,00%"
30-05-2024,0,0,"0,00",62,22,"0,00%",0,0,0,0,0,0,0,5,"0,00%"
31-05-2024,245.2,2,"122.600,00",97,23,"8,70%",0,0,0,0,2,2,0,5,"0,00%"
1/6/2024,115.878,1,"115.878,00",100,25,"4,00%",0,0,0,0,1,1,0,8,"0,00%"
2/6/2024,153.549,1,"153.549,00",112,16,"6,25%",0,0,0,0,1,0,1,3,"0,00%"
3/6/2024,0,0,"0,00",32,20,"0,00%",0,0,0,0,0,0,0,4,"0,00%"
4/6/2024,168.206,1,"168.206,00",69,22,"4,55%",0,0,0,0,1,1,0,1,"0,00%"
5/6/2024,37.8,1,"37.800,00",53,25,"4,00%",0,0,0,0,1,1,0,4,"0,00%"
6/6/2024,0,0,"0,00",35,14,"0,00%",0,0,0,0,0,0,0,1,"0,00%"
7/6/2024,41.4,1,"41.400,00",83,25,"4,00%",0,0,0,0,1,1,0,4,"0,00%"
8/6/2024,415,3,"138.333,33",83,21,"14,29%",0,0,0,0,3,2,1,4,"0,00%"
9/6/2024,0,0,"0,00",40,12,"0,00%",0,0,0,0,0,0,0,2,"0,00%"
10/6/2024,32.78,1,"32.780,00",45,15,"6,67%",0,0,0,0,1,0,1,4,"0,00%"
11/6/2024,93.848,2,"46.924,00",42,13,"15,38%",0,0,0,0,2,0,2,2,"0,00%"
12/6/2024,134.38,1,"134.380,00",69,18,"5,56%",0,0,0,0,1,1,0,5,"0,00%"
13-06-2024,0,0,"0,00",48,19,"0,00%",0,0,0,0,0,0,0,3,"0,00%"
14-06-2024,0,0,"0,00",58,21,"0,00%",0,0,0,0,0,0,0,4,"0,00%"
15-06-2024,0,0,"0,00",47,19,"0,00%",0,0,0,0,0,0,0,2,"0,00%"
16-06-2024,0,0,"0,00",47,22,"0,00%",0,0,0,0,0,0,0,2,"0,00%"
17-06-2024,0,0,"0,00",21,10,"0,00%",0,0,0,0,0,0,0,2,"0,00%"
18-06-2024,90.6,1,"90.600,00",66,17,"5,88%",0,0,0,0,1,1,0,3,"0,00%"
19-06-2024,0,0,"0,00",61,15,"0,00%",0,0,0,0,0,0,0,4,"0,00%"
20-06-2024,0,0,"0,00",23,13,"0,00%",0,0,0,0,0,0,0,0,"0,00%"
21-06-2024,0,0,"0,00",29,15,"0,00%",0,0,0,0,0,0,0,3,"0,00%"
22-06-2024,263.25,2,"131.625,00",53,13,"15,38%",0,0,0,0,2,2,0,3,"0,00%"
23-06-2024,0,0,"0,00",43,11,"0,00%",0,0,0,0,0,0,0,3,"0,00%"
24-06-2024,170.453,2,"85.226,50",51,16,"6,25%",0,0,0,0,1,1,0,0,"100,00%"
25-06-2024,87.576,2,"43.788,00",54,20,"10,00%",0,0,0,0,2,1,1,4,"0,00%"
26-06-2024,0,0,"0,00",79,16,"0,00%",0,0,0,0,0,0,0,2,"0,00%"
27-06-2024,0,0,"0,00",21,11,"0,00%",0,0,0,0,0,0,0,3,"0,00%"
28-06-2024,141.4,1,"141.400,00",56,17,"5,88%",0,0,0,0,1,1,0,2,"0,00%"
29-06-2024,0,0,"0,00",21,9,"0,00%",0,0,0,0,0,0,0,2,"0,00%"
30-06-2024,0,0,"0,00",27,13,"0,00%",0,0,0,0,0,0,0,3,"0,00%"
1/7/2024,227.511,1,"227.511,00",37,16,"6,25%",0,0,0,0,1,1,0,2,"0,00%"
2/7/2024,0,0,"0,00",62,14,"0,00%",0,0,0,0,0,0,0,1,"0,00%"
3/7/2024,344.3,2,"172.150,00",60,17,"11,76%",0,0,0,0,2,0,2,3,"0,00%"
4/7/2024,0,0,"0,00",84,20,"0,00%",0,0,0,0,0,0,0,3,"0,00%"
5/7/2024,104.376,1,"104.376,00",51,17,"5,88%",0,0,0,0,1,1,0,5,"0,00%"
6/7/2024,287.44,2,"143.720,00",61,19,"10,53%",0,0,0,0,2,2,0,6,"0,00%"
7/7/2024,54.7,1,"54.700,00",28,12,"8,33%",0,0,0,0,1,1,0,1,"0,00%"
8/7/2024,0,0,"0,00",52,14,"0,00%",0,0,0,0,0,0,0,2,"0,00%"
9/7/2024,0,0,"0,00",25,15,"0,00%",0,0,0,0,0,0,0,3,"0,00%"
10/7/2024,0,0,"0,00",77,26,"0,00%",0,0,0,0,0,0,0,3,"0,00%"
11/7/2024,0,0,"0,00",31,9,"0,00%",0,0,0,0,0,0,0,2,"0,00%"
12/7/2024,0,0,"0,00",54,11,"0,00%",0,0,0,0,0,0,0,6,"0,00%"
13-07-2024,0,0,"0,00",33,12,"0,00%",0,0,0,0,0,0,0,2,"0,00%"
14-07-2024,136.9,1,"136.900,00",43,13,"7,69%",0,0,0,0,1,0,1,6,"0,00%"
15-07-2024,210.807,2,"105.403,50",73,18,"11,11%",0,0,0,0,2,1,1,1,"0,00%"
16-07-2024,0,0,"0,00",44,16,"0,00%",0,0,0,0,0,0,0,3,"0,00%"
17-07-2024,0,0,"0,00",18,10,"0,00%",0,0,0,0,0,0,0,2,"0,00%"
18-07-2024,0,0,"0,00",37,10,"0,00%",0,0,0,0,0,0,0,2,"0,00%"
19-07-2024,139.58,1,"139.580,00",45,9,"11,11%",1,139.58,0,0,1,1,0,1,"0,00%"
20-07-2024,32.115,1,"32.115,00",60,18,"5,56%",0,0,0,0,1,0,1,5,"0,00%"
21-07-2024,112.967,2,"56.483,50",26,14,"14,29%",0,0,0,0,2,2,0,2,"0,00%"
22-07-2024,64.039,1,"64.039,00",27,10,"10,00%",0,0,0,0,1,1,0,2,"0,00%"
23-07-2024,0,0,"0,00",30,11,"0,00%",0,0,0,0,0,0,0,1,"0,00%"
24-07-2024,404.499,3,"134.833,00",61,12,"25,00%",0,0,0,0,3,3,0,1,"0,00%"
25-07-2024,116.956,3,"38.985,33",117,28,"10,71%",0,0,0,0,3,3,0,6,"0,00%"
26-07-2024,274.329,4,"68.582,25",130,30,"13,33%",0,0,0,0,4,4,0,9,"0,00%"
27-07-2024,61.2,1,"61.200,00",56,20,"5,00%",0,0,0,0,1,1,0,3,"0,00%"
28-07-2024,188.96,2,"94.480,00",39,12,"16,67%",0,0,0,0,2,2,0,2,"0,00%"
29-07-2024,0,0,"0,00",33,19,"0,00%",0,0,0,0,0,0,0,5,"0,00%"
30-07-2024,0,0,"0,00",22,11,"0,00%",0,0,0,0,0,0,0,1,"0,00%"
31-07-2024,22.232,1,"22.232,00",69,19,"5,26%",0,0,0,0,1,1,0,4,"0,00%"
1/8/2024,0,0,"0,00",30,16,"0,00%",0,0,0,0,0,0,0,4,"0,00%"
2/8/2024,422.733,4,"105.683,25",141,31,"12,90%",0,0,0,0,4,3,1,8,"0,00%"
3/8/2024,506.788,4,"126.697,00",73,26,"15,38%",0,0,0,0,4,4,0,4,"0,00%"
4/8/2024,0,0,"0,00",19,11,"0,00%",0,0,0,0,0,0,0,0,"0,00%"
5/8/2024,164.91,2,"82.455,00",36,13,"15,38%",0,0,0,0,2,2,0,4,"0,00%"
6/8/2024,131.095,2,"65.547,50",16,9,"22,22%",0,0,0,0,2,2,0,0,"0,00%"
7/8/2024,55.795,1,"55.795,00",45,11,"9,09%",0,0,0,0,1,1,0,4,"0,00%"
8/8/2024,143.646,1,"143.646,00",161,30,"3,33%",0,0,0,0,1,1,0,8,"0,00%"
9/8/2024,405.75,4,"101.437,50",84,23,"17,39%",0,0,0,0,4,4,0,6,"0,00%"
10/8/2024,137.704,1,"137.704,00",71,19,"5,26%",0,0,0,0,1,0,1,4,"0,00%"
11/8/2024,0,0,"0,00",103,15,"0,00%",0,0,0,0,0,0,0,4,"0,00%"
12/8/2024,122.2,1,"122.200,00",56,19,"5,26%",0,0,0,0,1,1,0,4,"0,00%"
13-08-2024,0,0,"0,00",21,10,"0,00%",0,0,0,0,0,0,0,0,"0,00%"
14-08-2024,78.025,1,"78.025,00",103,19,"5,26%",0,0,0,0,1,1,0,9,"0,00%"
15-08-2024,153.565,1,"153.565,00",109,14,"7,14%",0,0,0,0,1,1,0,2,"0,00%"
16-08-2024,238.878,3,"79.626,00",146,22,"13,64%",0,0,0,0,3,3,0,7,"0,00%"
17-08-2024,40.239,1,"40.239,00",33,16,"6,25%",1,40.239,0,0,1,1,0,3,"0,00%"
18-08-2024,0,0,"0,00",46,19,"0,00%",0,0,0,0,0,0,0,4,"0,00%"
19-08-2024,0,0,"0,00",48,19,"0,00%",0,0,0,0,0,0,0,4,"0,00%"
20-08-2024,0,0,"0,00",86,18,"0,00%",0,0,0,0,0,0,0,6,"0,00%"
21-08-2024,0,0,"0,00",25,15,"0,00%",0,0,0,0,0,0,0,4,"0,00%"
22-08-2024,57.82,1,"57.820,00",56,18,"5,56%",0,0,0,0,1,1,0,6,"0,00%"
23-08-2024,214.75,1,"214.750,00",104,22,"4,55%",0,0,0,0,1,1,0,10,"0,00%"
24-08-2024,221.936,2,"110.968,00",65,21,"9,52%",0,0,0,0,2,1,1,10,"0,00%"
25-08-2024,0,0,"0,00",98,19,"0,00%",0,0,0,0,0,0,0,8,"0,00%"
26-08-2024,64.415,1,"64.415,00",40,17,"5,88%",0,0,0,0,1,1,0,3,"0,00%"
27-08-2024,0,0,"0,00",51,18,"0,00%",0,0,0,0,0,0,0,6,"0,00%"
28-08-2024,130.25,1,"130.250,00",71,25,"4,00%",0,0,0,0,1,1,0,8,"0,00%"
29-08-2024,47.056,1,"47.056,00",23,9,"11,11%",0,0,0,0,1,1,0,2,"0,00%"
30-08-2024,112.62,2,"56.310,00",73,20,"10,00%",0,0,0,0,2,2,0,4,"0,00%"
31-08-2024,170.074,1,"170.074,00",80,18,"5,56%",0,0,0,0,1,1,0,5,"0,00%"
1/9/2024,133.26,1,"133.260,00",90,22,"4,55%",0,0,0,3.174,1,1,0,5,"0,00%"
2/9/2024,45.8,1,"45.800,00",21,14,"7,14%",0,0,0,0,1,0,1,1,"0,00%"
3/9/2024,64.82,1,"64.820,00",61,16,"6,25%",0,0,0,0,1,1,0,5,"0,00%"
4/9/2024,109.021,2,"54.510,50",102,20,"10,00%",0,0,0,0,2,1,1,7,"0,00%"
5/9/2024,254.104,2,"127.052,00",72,25,"8,00%",0,0,0,0,2,2,0,7,"0,00%"
6/9/2024,83.415,1,"83.415,00",74,24,"4,17%",0,0,0,0,1,1,0,7,"0,00%"
7/9/2024,595.182,4,"148.795,50",56,16,"25,00%",0,0,0,0,4,4,0,5,"0,00%"
8/9/2024,0,0,"0,00",39,9,"0,00%",0,0,0,0,0,0,0,0,"0,00%"
9/9/2024,0,0,"0,00",52,19,"0,00%",0,0,0,0,0,0,0,5,"0,00%"
10/9/2024,0,0,"0,00",37,13,"0,00%",0,0,0,0,0,0,0,3,"0,00%"
11/9/2024,148.975,1,"148.975,00",65,23,"4,35%",0,0,0,0,1,1,0,3,"0,00%"
12/9/2024,245.278,3,"81.759,33",88,22,"13,64%",0,0,0,0,3,3,0,4,"0,00%"
13-09-2024,383.645,3,"127.881,67",98,27,"11,11%",0,0,0,0,3,3,0,6,"0,00%"
14-09-2024,0,0,"0,00",138,27,"0,00%",0,0,0,0,0,0,0,9,"0,00%"
15-09-2024,0,0,"0,00",102,29,"0,00%",0,0,0,0,0,0,0,12,"0,00%"
16-09-2024,0,0,"0,00",64,18,"0,00%",0,0,0,0,0,0,0,8,"0,00%"
17-09-2024,94.1,2,"47.050,00",74,15,"13,33%",0,0,0,0,2,2,0,3,"0,00%"
18-09-2024,0,0,"0,00",77,20,"0,00%",0,0,0,0,0,0,0,6,"0,00%"
19-09-2024,107.377,2,"53.688,50",70,21,"9,52%",0,0,0,0,2,2,0,5,"0,00%"
20-09-2024,320.9,5,"64.180,00",97,20,"25,00%",0,0,0,0,5,5,0,6,"0,00%"
21-09-2024,0,0,"0,00",53,30,"0,00%",0,0,0,0,0,0,0,6,"0,00%"
22-09-2024,48.066,1,"48.066,00",52,11,"9,09%",0,0,0,0,1,1,0,1,"0,00%"
23-09-2024,168.155,1,"168.155,00",50,20,"5,00%",0,0,0,0,1,1,0,4,"0,00%"
24-09-2024,0,0,"0,00",80,41,"0,00%",0,0,0,0,0,0,0,5,"0,00%"
25-09-2024,116.21,1,"116.210,00",27,13,"7,69%",0,0,0,0,1,1,0,2,"0,00%"
26-09-2024,160.46,1,"160.460,00",57,27,"3,70%",0,0,0,0,1,1,0,9,"0,00%"
27-09-2024,812.545,8,"101.568,12",160,35,"22,86%",0,0,0,0,8,4,4,6,"0,00%"
28-09-2024,650.237,5,"130.047,40",186,37,"13,51%",1,144.612,0,0,5,5,0,7,"0,00%"
29-09-2024,28.644,1,"28.644,00",63,23,"4,35%",0,0,0,0,1,1,0,2,"0,00%"
30-09-2024,59.6,1,"59.600,00",119,24,"4,17%",0,0,0,0,1,1,0,10,"0,00%"
1/10/2024,36.724,1,"36.724,00",70,30,"3,33%",0,0,0,0,1,0,1,10,"0,00%"
2/10/2024,53.8,1,"53.800,00",30,19,"5,26%",0,0,0,0,1,1,0,2,"0,00%"
3/10/2024,355.784,4,"88.946,00",147,20,"20,00%",1,133.05,0,0,4,4,0,6,"0,00%"
4/10/2024,613.751,5,"122.750,20",156,38,"13,16%",0,0,0,0,5,5,0,14,"0,00%"
5/10/2024,142.86,1,"142.860,00",113,31,"3,23%",0,0,0,0,1,1,0,10,"0,00%"
6/10/2024,0,0,"0,00",57,20,"0,00%",0,0,0,0,0,0,0,4,"0,00%"
7/10/2024,303.3,3,"101.100,00",100,29,"10,34%",0,0,0,0,3,3,0,5,"0,00%"
8/10/2024,132.938,1,"132.938,00",73,21,"4,76%",0,0,0,0,1,1,0,5,"0,00%"
9/10/2024,495.595,4,"123.898,75",90,33,"12,12%",0,0,0,0,4,4,0,4,"0,00%"
10/10/2024,698.506,7,"99.786,57",153,46,"15,22%",0,0,0,0,7,7,0,10,"0,00%"
11/10/2024,228.982,4,"57.245,50",118,29,"13,79%",0,0,0,0,4,4,0,6,"0,00%"
12/10/2024,483.366,3,"161.122,00",60,19,"15,79%",0,0,0,0,3,3,0,7,"0,00%"
13-10-2024,0,0,"0,00",36,19,"0,00%",0,0,0,0,0,0,0,5,"0,00%"
14-10-2024,85.22,1,"85.220,00",61,28,"3,57%",0,0,0,0,1,0,1,8,"0,00%"
15-10-2024,0,0,"0,00",63,21,"0,00%",0,0,0,0,0,0,0,6,"0,00%"
16-10-2024,0,0,"0,00",70,28,"0,00%",0,0,0,0,0,0,0,6,"0,00%"
17-10-2024,252.501,2,"126.250,50",70,18,"11,11%",0,0,0,0,2,2,0,4,"0,00%"
18-10-2024,51.7,1,"51.700,00",74,25,"4,00%",0,0,0,0,1,1,0,3,"0,00%"
19-10-2024,225.44,3,"75.146,67",59,30,"10,00%",0,0,0,0,3,1,2,5,"0,00%"
20-10-2024,442.57,3,"147.523,33",108,31,"9,68%",1,345.17,0,0,3,3,0,9,"0,00%"
21-10-2024,138.8,1,"138.800,00",55,21,"4,76%",0,0,0,0,1,1,0,2,"0,00%"
22-10-2024,267.1,2,"133.550,00",56,23,"8,70%",0,0,0,0,2,1,1,3,"0,00%"
23-10-2024,220.705,3,"73.568,33",48,11,"27,27%",0,0,0,0,3,3,0,0,"0,00%"
24-10-2024,399.679,5,"79.935,80",154,43,"11,63%",0,0,0,0,5,5,0,10,"0,00%"
25-10-2024,36.8,1,"36.800,00",91,34,"2,94%",0,0,0,0,1,1,0,8,"0,00%"
26-10-2024,274.775,3,"91.591,67",111,31,"9,68%",0,0,0,0,3,3,0,10,"0,00%"
27-10-2024,232,2,"116.000,00",131,34,"5,88%",0,0,0,0,2,2,0,7,"0,00%"
28-10-2024,226.67,2,"113.335,00",196,41,"4,88%",0,0,0,0,2,1,1,9,"0,00%"
29-10-2024,218.6,1,"218.600,00",51,21,"4,76%",0,0,0,0,1,1,0,3,"0,00%"
30-10-2024,0,0,"0,00",101,25,"0,00%",0,0,0,0,0,0,0,8,"0,00%"
31-10-2024,384.045,2,"192.022,50",186,32,"6,25%",0,0,0,0,2,2,0,8,"0,00%"
1/11/2024,60.8,1,"60.800,00",91,36,"2,78%",0,0,0,0,1,0,1,9,"0,00%"
2/11/2024,290.38,3,"96.793,33",106,31,"9,68%",0,0,0,0,3,3,0,8,"0,00%"
3/11/2024,0,0,"0,00",79,28,"0,00%",0,0,0,0,0,0,0,9,"0,00%"
4/11/2024,142.125,1,"142.125,00",74,26,"3,85%",0,0,0,0,1,1,0,5,"0,00%"
5/11/2024,231.381,1,"231.381,00",73,21,"4,76%",0,0,0,0,1,1,0,2,"0,00%"
6/11/2024,42.793,1,"42.793,00",44,21,"4,76%",0,0,0,0,1,1,0,5,"0,00%"
7/11/2024,0,0,"0,00",42,18,"0,00%",0,0,0,0,0,0,0,4,"0,00%"
8/11/2024,45.8,1,"45.800,00",82,28,"3,57%",0,0,0,0,1,0,1,9,"0,00%"
9/11/2024,0,0,"0,00",65,23,"0,00%",0,0,0,0,0,0,0,4,"0,00%"
10/11/2024,0,0,"0,00",110,18,"0,00%",0,0,0,0,0,0,0,5,"0,00%"
11/11/2024,351.02,2,"175.510,00",31,11,"9,09%",1,176.11,0,0,1,1,0,1,"100,00%"
12/11/2024,0,0,"0,00",28,14,"0,00%",0,0,0,0,0,0,0,3,"0,00%"
13-11-2024,0,0,"0,00",164,17,"0,00%",0,0,0,0,0,0,0,6,"0,00%"
14-11-2024,293.55,2,"146.775,00",61,17,"11,76%",0,0,0,0,2,1,1,3,"0,00%"
15-11-2024,0,0,"0,00",42,17,"0,00%",0,0,0,0,0,0,0,3,"0,00%"
16-11-2024,218.45,1,"218.450,00",56,17,"5,88%",0,0,0,0,1,1,0,4,"0,00%"
17-11-2024,0,0,"0,00",48,15,"0,00%",0,0,0,0,0,0,0,3,"0,00%"
18-11-2024,0,0,"0,00",41,15,"0,00%",0,0,0,0,0,0,0,3,"0,00%"
19-11-2024,0,0,"0,00",27,10,"0,00%",0,0,0,0,0,0,0,2,"0,00%"
20-11-2024,176.108,2,"88.054,00",31,11,"18,18%",0,0,0,0,2,1,1,2,"0,00%"
21-11-2024,151.389,1,"151.389,00",84,19,"5,26%",0,0,0,0,1,1,0,4,"0,00%"
22-11-2024,378.222,4,"94.555,50",104,19,"21,05%",0,0,0,0,4,4,0,3,"0,00%"
23-11-2024,0,0,"0,00",43,16,"0,00%",0,0,0,0,0,0,0,3,"0,00%"
24-11-2024,51.41,1,"51.410,00",21,10,"10,00%",0,0,0,0,1,1,0,1,"0,00%"
25-11-2024,0,0,"0,00",33,12,"0,00%",0,0,0,0,0,0,0,3,"0,00%"
26-11-2024,0,0,"0,00",51,16,"0,00%",0,0,0,0,0,0,0,1,"0,00%"
27-11-2024,0,0,"0,00",15,12,"0,00%",0,0,0,0,0,0,0,2,"0,00%"
28-11-2024,54.227,1,"54.227,00",29,15,"6,67%",0,0,0,0,1,0,1,3,"0,00%"
29-11-2024,0,0,"0,00",18,11,"0,00%",0,0,0,0,0,0,0,1,"0,00%"
30-11-2024,229.361,1,"229.361,00",61,16,"6,25%",0,0,0,0,1,1,0,3,"0,00%"
1/12/2024,235.358,1,"235.358,00",68,12,"8,33%",0,0,0,0,1,1,0,2,"0,00%"
2/12/2024,250.65,2,"125.325,00",115,20,"10,00%",0,0,0,0,2,2,0,8,"0,00%"
3/12/2024,0,0,"0,00",71,16,"0,00%",0,0,0,0,0,0,0,5,"0,00%"
4/12/2024,0,0,"0,00",21,10,"0,00%",0,0,0,0,0,0,0,2,"0,00%"
5/12/2024,366.32,1,"366.320,00",54,24,"4,17%",1,366.32,0,0,1,1,0,9,"0,00%"
6/12/2024,0,0,"0,00",104,22,"0,00%",0,0,0,0,0,0,0,5,"0,00%"
7/12/2024,464.517,2,"232.258,50",42,19,"10,53%",1,184.605,0,0,2,1,1,2,"0,00%"
8/12/2024,0,0,"0,00",52,14,"0,00%",0,0,0,0,0,0,0,4,"0,00%"
9/12/2024,0,0,"0,00",74,18,"0,00%",0,0,0,0,0,0,0,3,"0,00%"
10/12/2024,0,0,"0,00",108,20,"0,00%",0,0,0,0,0,0,0,6,"0,00%"
11/12/2024,0,0,"0,00",58,15,"0,00%",0,0,0,0,0,0,0,6,"0,00%"
12/12/2024,0,0,"0,00",47,23,"0,00%",0,0,0,0,0,0,0,7,"0,00%"
13-12-2024,56.9,1,"56.900,00",43,25,"4,00%",0,0,0,0,1,1,0,2,"0,00%"
14-12-2024,182.992,1,"182.992,00",51,13,"7,69%",0,0,0,0,1,1,0,4,"0,00%"
15-12-2024,167.775,1,"167.775,00",42,15,"6,67%",0,0,0,0,1,1,0,2,"0,00%"
16-12-2024,0,0,"0,00",68,22,"0,00%",0,0,0,0,0,0,0,3,"0,00%"
17-12-2024,66.5,1,"66.500,00",61,20,"5,00%",0,0,0,0,1,1,0,6,"0,00%"
18-12-2024,0,0,"0,00",59,17,"0,00%",0,0,0,0,0,0,0,6,"0,00%"
19-12-2024,251.605,1,"251.605,00",78,15,"6,67%",0,0,0,0,1,1,0,5,"0,00%"
20-12-2024,61.7,1,"61.700,00",89,26,"3,85%",0,0,0,0,1,1,0,4,"0,00%"
21-12-2024,486.054,3,"162.018,00",73,20,"15,00%",0,0,0,0,3,3,0,5,"0,00%"
22-12-2024,143,1,"143.000,00",146,19,"5,26%",0,0,0,0,1,1,0,5,"0,00%"
23-12-2024,135.95,1,"135.950,00",136,16,"6,25%",0,0,0,0,1,1,0,2,"0,00%"
24-12-2024,0,0,"0,00",74,23,"0,00%",0,0,0,0,0,0,0,4,"0,00%"
25-12-2024,359.31,2,"179.655,00",129,26,"7,69%",0,0,0,0,2,2,0,8,"0,00%"
26-12-2024,1.352.266,6,"225.377,67",213,36,"16,67%",0,0,0,0,6,5,1,10,"0,00%"
27-12-2024,481.354,2,"240.677,00",167,40,"5,00%",0,0,0,0,2,2,0,12,"0,00%"
28-12-2024,0,0,"0,00",114,31,"0,00%",0,0,0,0,0,0,0,12,"0,00%"
29-12-2024,0,0,"0,00",59,30,"0,00%",0,0,0,0,0,0,0,6,"0,00%"
30-12-2024,291.954,2,"145.977,00",51,18,"11,11%",0,0,0,0,2,2,0,4,"0,00%"
31-12-2024,148.46,1,"148.460,00",49,19,"5,26%",0,0,0,0,1,1,0,5,"0,00%"
